DATAFLOW,LAST UPDATE,freq,unit,coicop,geo,TIME_PERIOD,OBS_VALUE,OBS_FLAG,CONF_STATUS
ESTAT:PRC_HICP_AIND(1.0),06/02/26 23:00:00,Annual,Annual average rate of change,All-items HICP,Austria,2016,1.0,,
ESTAT:PRC_HICP_AIND(1.0),06/02/26 23:00:00,Annual,Annual average rate of change,All-items HICP,Austria,2017,2.2,,
ESTAT:PRC_HICP_AIND(1.0),06/02/26 23:00:00,Annual,Annual average rate of change,All-items HICP,Austria,2018,2.1,,
ESTAT:PRC_HICP_AIND(1.0),06/02/26 23:00:00,Annual,Annual average rate of change,All-items HICP,Austria,2019,1.5,,
ESTAT:PRC_HICP_AIND(1.0),06/02/26 23:00:00,Annual,Annual average rate of change,All-items HICP,Austria,2020,1.4,,
ESTAT:PRC_HICP_AIND(1.0),06/02/26 23:00:00,Annual,Annual average rate of change,All-items HICP,Austria,2021,2.8,,
ESTAT:PRC_HICP_AIND(1.0),06/02/26 23:00:00,Annual,Annual average rate of change,All-items HICP,Austria,2022,8.6,,
ESTAT:PRC_HICP_AIND(1.0),06/02/26 23:00:00,Annual,Annual average rate of change,All-items HICP,Austria,2023,7.7,,
ESTAT:PRC_HICP_AIND(1.0),06/02/26 23:00:00,Annual,Annual average rate of change,All-items HICP,Austria,2024,2.9,,
ESTAT:PRC_HICP_AIND(1.0),06/02/26 23:00:00,Annual,Annual average rate of change,All-items HICP,Austria,2025,3.6,,
ESTAT:PRC_HICP_AIND(1.0),06/02/26 23:00:00,Annual,Annual average rate of change,All-items HICP,Belgium,2016,1.8,,
ESTAT:PRC_HICP_AIND(1.0),06/02/26 23:00:00,Annual,Annual average rate of change,All-items HICP,Belgium,2017,2.2,,
ESTAT:PRC_HICP_AIND(1.0),06/02/26 23:00:00,Annual,Annual average rate of change,All-items HICP,Belgium,2018,2.3,,
ESTAT:PRC_HICP_AIND(1.0),06/02/26 23:00:00,Annual,Annual average rate of change,All-items HICP,Belgium,2019,1.2,,
ESTAT:PRC_HICP_AIND(1.0),06/02/26 23:00:00,Annual,Annual average rate of change,All-items HICP,Belgium,2020,0.4,,
ESTAT:PRC_HICP_AIND(1.0),06/02/26 23:00:00,Annual,Annual average rate of change,All-items HICP,Belgium,2021,3.2,,
ESTAT:PRC_HICP_AIND(1.0),06/02/26 23:00:00,Annual,Annual average rate of change,All-items HICP,Belgium,2022,10.3,,
ESTAT:PRC_HICP_AIND(1.0),06/02/26 23:00:00,Annual,Annual average rate of change,All-items HICP,Belgium,2023,2.3,,
ESTAT:PRC_HICP_AIND(1.0),06/02/26 23:00:00,Annual,Annual average rate of change,All-items HICP,Belgium,2024,4.3,,
ESTAT:PRC_HICP_AIND(1.0),06/02/26 23:00:00,Annual,Annual average rate of change,All-items HICP,Belgium,2025,3.0,,
ESTAT:PRC_HICP_AIND(1.0),06/02/26 23:00:00,Annual,Annual average rate of change,All-items HICP,Bulgaria,2016,-1.3,,
ESTAT:PRC_HICP_AIND(1.0),06/02/26 23:00:00,Annual,Annual average rate of change,All-items HICP,Bulgaria,2017,1.2,,
ESTAT:PRC_HICP_AIND(1.0),06/02/26 23:00:00,Annual,Annual average rate of change,All-items HICP,Bulgaria,2018,2.6,,
ESTAT:PRC_HICP_AIND(1.0),06/02/26 23:00:00,Annual,Annual average rate of change,All-items HICP,Bulgaria,2019,2.5,,
ESTAT:PRC_HICP_AIND(1.0),06/02/26 23:00:00,Annual,Annual average rate of change,All-items HICP,Bulgaria,2020,1.2,,
ESTAT:PRC_HICP_AIND(1.0),06/02/26 23:00:00,Annual,Annual average rate of change,All-items HICP,Bulgaria,2021,2.8,,
ESTAT:PRC_HICP_AIND(1.0),06/02/26 23:00:00,Annual,Annual average rate of change,All-items HICP,Bulgaria,2022,13.0,,
ESTAT:PRC_HICP_AIND(1.0),06/02/26 23:00:00,Annual,Annual average rate of change,All-items HICP,Bulgaria,2023,8.6,,
ESTAT:PRC_HICP_AIND(1.0),06/02/26 23:00:00,Annual,Annual average rate of change,All-items HICP,Bulgaria,2024,2.6,,
ESTAT:PRC_HICP_AIND(1.0),06/02/26 23:00:00,Annual,Annual average rate of change,All-items HICP,Bulgaria,2025,3.5,,
ESTAT:PRC_HICP_AIND(1.0),06/02/26 23:00:00,Annual,Annual average rate of change,All-items HICP,Cyprus,2016,-1.2,,
ESTAT:PRC_HICP_AIND(1.0),06/02/26 23:00:00,Annual,Annual average rate of change,All-items HICP,Cyprus,2017,0.7,,
ESTAT:PRC_HICP_AIND(1.0),06/02/26 23:00:00,Annual,Annual average rate of change,All-items HICP,Cyprus,2018,0.8,,
ESTAT:PRC_HICP_AIND(1.0),06/02/26 23:00:00,Annual,Annual average rate of change,All-items HICP,Cyprus,2019,0.5,,
ESTAT:PRC_HICP_AIND(1.0),06/02/26 23:00:00,Annual,Annual average rate of change,All-items HICP,Cyprus,2020,-1.1,,
ESTAT:PRC_HICP_AIND(1.0),06/02/26 23:00:00,Annual,Annual average rate of change,All-items HICP,Cyprus,2021,2.3,,
ESTAT:PRC_HICP_AIND(1.0),06/02/26 23:00:00,Annual,Annual average rate of change,All-items HICP,Cyprus,2022,8.1,,
ESTAT:PRC_HICP_AIND(1.0),06/02/26 23:00:00,Annual,Annual average rate of change,All-items HICP,Cyprus,2023,3.9,,
ESTAT:PRC_HICP_AIND(1.0),06/02/26 23:00:00,Annual,Annual average rate of change,All-items HICP,Cyprus,2024,2.3,,
ESTAT:PRC_HICP_AIND(1.0),06/02/26 23:00:00,Annual,Annual average rate of change,All-items HICP,Cyprus,2025,0.8,,
ESTAT:PRC_HICP_AIND(1.0),06/02/26 23:00:00,Annual,Annual average rate of change,All-items HICP,Czechia,2016,0.6,,
ESTAT:PRC_HICP_AIND(1.0),06/02/26 23:00:00,Annual,Annual average rate of change,All-items HICP,Czechia,2017,2.4,,
ESTAT:PRC_HICP_AIND(1.0),06/02/26 23:00:00,Annual,Annual average rate of change,All-items HICP,Czechia,2018,2.0,,
ESTAT:PRC_HICP_AIND(1.0),06/02/26 23:00:00,Annual,Annual average rate of change,All-items HICP,Czechia,2019,2.6,,
ESTAT:PRC_HICP_AIND(1.0),06/02/26 23:00:00,Annual,Annual average rate of change,All-items HICP,Czechia,2020,3.3,,
ESTAT:PRC_HICP_AIND(1.0),06/02/26 23:00:00,Annual,Annual average rate of change,All-items HICP,Czechia,2021,3.3,,
ESTAT:PRC_HICP_AIND(1.0),06/02/26 23:00:00,Annual,Annual average rate of change,All-items HICP,Czechia,2022,14.8,,
ESTAT:PRC_HICP_AIND(1.0),06/02/26 23:00:00,Annual,Annual average rate of change,All-items HICP,Czechia,2023,12.0,,
ESTAT:PRC_HICP_AIND(1.0),06/02/26 23:00:00,Annual,Annual average rate of change,All-items HICP,Czechia,2024,2.7,,
ESTAT:PRC_HICP_AIND(1.0),06/02/26 23:00:00,Annual,Annual average rate of change,All-items HICP,Czechia,2025,2.3,,
ESTAT:PRC_HICP_AIND(1.0),06/02/26 23:00:00,Annual,Annual average rate of change,All-items HICP,Germany,2016,0.4,,
ESTAT:PRC_HICP_AIND(1.0),06/02/26 23:00:00,Annual,Annual average rate of change,All-items HICP,Germany,2017,1.7,,
ESTAT:PRC_HICP_AIND(1.0),06/02/26 23:00:00,Annual,Annual average rate of change,All-items HICP,Germany,2018,1.9,,
ESTAT:PRC_HICP_AIND(1.0),06/02/26 23:00:00,Annual,Annual average rate of change,All-items HICP,Germany,2019,1.4,,
ESTAT:PRC_HICP_AIND(1.0),06/02/26 23:00:00,Annual,Annual average rate of change,All-items HICP,Germany,2020,0.4,,
ESTAT:PRC_HICP_AIND(1.0),06/02/26 23:00:00,Annual,Annual average rate of change,All-items HICP,Germany,2021,3.2,,
ESTAT:PRC_HICP_AIND(1.0),06/02/26 23:00:00,Annual,Annual average rate of change,All-items HICP,Germany,2022,8.7,,
ESTAT:PRC_HICP_AIND(1.0),06/02/26 23:00:00,Annual,Annual average rate of change,All-items HICP,Germany,2023,6.0,,
ESTAT:PRC_HICP_AIND(1.0),06/02/26 23:00:00,Annual,Annual average rate of change,All-items HICP,Germany,2024,2.5,,
ESTAT:PRC_HICP_AIND(1.0),06/02/26 23:00:00,Annual,Annual average rate of change,All-items HICP,Germany,2025,2.3,,
ESTAT:PRC_HICP_AIND(1.0),06/02/26 23:00:00,Annual,Annual average rate of change,All-items HICP,Denmark,2016,0.0,,
ESTAT:PRC_HICP_AIND(1.0),06/02/26 23:00:00,Annual,Annual average rate of change,All-items HICP,Denmark,2017,1.1,,
ESTAT:PRC_HICP_AIND(1.0),06/02/26 23:00:00,Annual,Annual average rate of change,All-items HICP,Denmark,2018,0.7,,
ESTAT:PRC_HICP_AIND(1.0),06/02/26 23:00:00,Annual,Annual average rate of change,All-items HICP,Denmark,2019,0.7,,
ESTAT:PRC_HICP_AIND(1.0),06/02/26 23:00:00,Annual,Annual average rate of change,All-items HICP,Denmark,2020,0.3,,
ESTAT:PRC_HICP_AIND(1.0),06/02/26 23:00:00,Annual,Annual average rate of change,All-items HICP,Denmark,2021,1.9,,
ESTAT:PRC_HICP_AIND(1.0),06/02/26 23:00:00,Annual,Annual average rate of change,All-items HICP,Denmark,2022,8.5,,
ESTAT:PRC_HICP_AIND(1.0),06/02/26 23:00:00,Annual,Annual average rate of change,All-items HICP,Denmark,2023,3.4,,
ESTAT:PRC_HICP_AIND(1.0),06/02/26 23:00:00,Annual,Annual average rate of change,All-items HICP,Denmark,2024,1.3,,
ESTAT:PRC_HICP_AIND(1.0),06/02/26 23:00:00,Annual,Annual average rate of change,All-items HICP,Denmark,2025,1.8,,
ESTAT:PRC_HICP_AIND(1.0),06/02/26 23:00:00,Annual,Annual average rate of change,All-items HICP,Estonia,2016,0.8,,
ESTAT:PRC_HICP_AIND(1.0),06/02/26 23:00:00,Annual,Annual average rate of change,All-items HICP,Estonia,2017,3.7,,
ESTAT:PRC_HICP_AIND(1.0),06/02/26 23:00:00,Annual,Annual average rate of change,All-items HICP,Estonia,2018,3.4,,
ESTAT:PRC_HICP_AIND(1.0),06/02/26 23:00:00,Annual,Annual average rate of change,All-items HICP,Estonia,2019,2.3,,
ESTAT:PRC_HICP_AIND(1.0),06/02/26 23:00:00,Annual,Annual average rate of change,All-items HICP,Estonia,2020,-0.6,,
ESTAT:PRC_HICP_AIND(1.0),06/02/26 23:00:00,Annual,Annual average rate of change,All-items HICP,Estonia,2021,4.5,,
ESTAT:PRC_HICP_AIND(1.0),06/02/26 23:00:00,Annual,Annual average rate of change,All-items HICP,Estonia,2022,19.4,,
ESTAT:PRC_HICP_AIND(1.0),06/02/26 23:00:00,Annual,Annual average rate of change,All-items HICP,Estonia,2023,9.1,,
ESTAT:PRC_HICP_AIND(1.0),06/02/26 23:00:00,Annual,Annual average rate of change,All-items HICP,Estonia,2024,3.7,,
ESTAT:PRC_HICP_AIND(1.0),06/02/26 23:00:00,Annual,Annual average rate of change,All-items HICP,Estonia,2025,4.8,,
ESTAT:PRC_HICP_AIND(1.0),06/02/26 23:00:00,Annual,Annual average rate of change,All-items HICP,Greece,2016,0.0,,
ESTAT:PRC_HICP_AIND(1.0),06/02/26 23:00:00,Annual,Annual average rate of change,All-items HICP,Greece,2017,1.1,,
ESTAT:PRC_HICP_AIND(1.0),06/02/26 23:00:00,Annual,Annual average rate of change,All-items HICP,Greece,2018,0.8,,
ESTAT:PRC_HICP_AIND(1.0),06/02/26 23:00:00,Annual,Annual average rate of change,All-items HICP,Greece,2019,0.5,,
ESTAT:PRC_HICP_AIND(1.0),06/02/26 23:00:00,Annual,Annual average rate of change,All-items HICP,Greece,2020,-1.3,,
ESTAT:PRC_HICP_AIND(1.0),06/02/26 23:00:00,Annual,Annual average rate of change,All-items HICP,Greece,2021,0.6,,
ESTAT:PRC_HICP_AIND(1.0),06/02/26 23:00:00,Annual,Annual average rate of change,All-items HICP,Greece,2022,9.3,,
ESTAT:PRC_HICP_AIND(1.0),06/02/26 23:00:00,Annual,Annual average rate of change,All-items HICP,Greece,2023,4.2,,
ESTAT:PRC_HICP_AIND(1.0),06/02/26 23:00:00,Annual,Annual average rate of change,All-items HICP,Greece,2024,3.0,,
ESTAT:PRC_HICP_AIND(1.0),06/02/26 23:00:00,Annual,Annual average rate of change,All-items HICP,Greece,2025,2.9,,
ESTAT:PRC_HICP_AIND(1.0),06/02/26 23:00:00,Annual,Annual average rate of change,All-items HICP,Spain,2016,-0.3,,
ESTAT:PRC_HICP_AIND(1.0),06/02/26 23:00:00,Annual,Annual average rate of change,All-items HICP,Spain,2017,2.0,,
ESTAT:PRC_HICP_AIND(1.0),06/02/26 23:00:00,Annual,Annual average rate of change,All-items HICP,Spain,2018,1.7,,
ESTAT:PRC_HICP_AIND(1.0),06/02/26 23:00:00,Annual,Annual average rate of change,All-items HICP,Spain,2019,0.8,,
ESTAT:PRC_HICP_AIND(1.0),06/02/26 23:00:00,Annual,Annual average rate of change,All-items HICP,Spain,2020,-0.3,,
ESTAT:PRC_HICP_AIND(1.0),06/02/26 23:00:00,Annual,Annual average rate of change,All-items HICP,Spain,2021,3.0,,
ESTAT:PRC_HICP_AIND(1.0),06/02/26 23:00:00,Annual,Annual average rate of change,All-items HICP,Spain,2022,8.3,,
ESTAT:PRC_HICP_AIND(1.0),06/02/26 23:00:00,Annual,Annual average rate of change,All-items HICP,Spain,2023,3.4,,
ESTAT:PRC_HICP_AIND(1.0),06/02/26 23:00:00,Annual,Annual average rate of change,All-items HICP,Spain,2024,2.9,,
ESTAT:PRC_HICP_AIND(1.0),06/02/26 23:00:00,Annual,Annual average rate of change,All-items HICP,Spain,2025,2.7,,
ESTAT:PRC_HICP_AIND(1.0),06/02/26 23:00:00,Annual,Annual average rate of change,All-items HICP,Finland,2016,0.4,,
ESTAT:PRC_HICP_AIND(1.0),06/02/26 23:00:00,Annual,Annual average rate of change,All-items HICP,Finland,2017,0.8,,
ESTAT:PRC_HICP_AIND(1.0),06/02/26 23:00:00,Annual,Annual average rate of change,All-items HICP,Finland,2018,1.2,,
ESTAT:PRC_HICP_AIND(1.0),06/02/26 23:00:00,Annual,Annual average rate of change,All-items HICP,Finland,2019,1.1,,
ESTAT:PRC_HICP_AIND(1.0),06/02/26 23:00:00,Annual,Annual average rate of change,All-items HICP,Finland,2020,0.4,,
ESTAT:PRC_HICP_AIND(1.0),06/02/26 23:00:00,Annual,Annual average rate of change,All-items HICP,Finland,2021,2.1,,
ESTAT:PRC_HICP_AIND(1.0),06/02/26 23:00:00,Annual,Annual average rate of change,All-items HICP,Finland,2022,7.2,,
ESTAT:PRC_HICP_AIND(1.0),06/02/26 23:00:00,Annual,Annual average rate of change,All-items HICP,Finland,2023,4.3,,
ESTAT:PRC_HICP_AIND(1.0),06/02/26 23:00:00,Annual,Annual average rate of change,All-items HICP,Finland,2024,1.0,,
ESTAT:PRC_HICP_AIND(1.0),06/02/26 23:00:00,Annual,Annual average rate of change,All-items HICP,Finland,2025,1.8,,
ESTAT:PRC_HICP_AIND(1.0),06/02/26 23:00:00,Annual,Annual average rate of change,All-items HICP,France,2016,0.3,,
ESTAT:PRC_HICP_AIND(1.0),06/02/26 23:00:00,Annual,Annual average rate of change,All-items HICP,France,2017,1.2,,
ESTAT:PRC_HICP_AIND(1.0),06/02/26 23:00:00,Annual,Annual average rate of change,All-items HICP,France,2018,2.1,,
ESTAT:PRC_HICP_AIND(1.0),06/02/26 23:00:00,Annual,Annual average rate of change,All-items HICP,France,2019,1.3,,
ESTAT:PRC_HICP_AIND(1.0),06/02/26 23:00:00,Annual,Annual average rate of change,All-items HICP,France,2020,0.5,,
ESTAT:PRC_HICP_AIND(1.0),06/02/26 23:00:00,Annual,Annual average rate of change,All-items HICP,France,2021,2.1,,
ESTAT:PRC_HICP_AIND(1.0),06/02/26 23:00:00,Annual,Annual average rate of change,All-items HICP,France,2022,5.9,,
ESTAT:PRC_HICP_AIND(1.0),06/02/26 23:00:00,Annual,Annual average rate of change,All-items HICP,France,2023,5.7,,
ESTAT:PRC_HICP_AIND(1.0),06/02/26 23:00:00,Annual,Annual average rate of change,All-items HICP,France,2024,2.3,,
ESTAT:PRC_HICP_AIND(1.0),06/02/26 23:00:00,Annual,Annual average rate of change,All-items HICP,France,2025,0.9,,
ESTAT:PRC_HICP_AIND(1.0),06/02/26 23:00:00,Annual,Annual average rate of change,All-items HICP,Croatia,2016,-0.6,,
ESTAT:PRC_HICP_AIND(1.0),06/02/26 23:00:00,Annual,Annual average rate of change,All-items HICP,Croatia,2017,1.3,,
ESTAT:PRC_HICP_AIND(1.0),06/02/26 23:00:00,Annual,Annual average rate of change,All-items HICP,Croatia,2018,1.6,,
ESTAT:PRC_HICP_AIND(1.0),06/02/26 23:00:00,Annual,Annual average rate of change,All-items HICP,Croatia,2019,0.8,,
ESTAT:PRC_HICP_AIND(1.0),06/02/26 23:00:00,Annual,Annual average rate of change,All-items HICP,Croatia,2020,0.0,,
ESTAT:PRC_HICP_AIND(1.0),06/02/26 23:00:00,Annual,Annual average rate of change,All-items HICP,Croatia,2021,2.7,,
ESTAT:PRC_HICP_AIND(1.0),06/02/26 23:00:00,Annual,Annual average rate of change,All-items HICP,Croatia,2022,10.7,,
ESTAT:PRC_HICP_AIND(1.0),06/02/26 23:00:00,Annual,Annual average rate of change,All-items HICP,Croatia,2023,8.4,,
ESTAT:PRC_HICP_AIND(1.0),06/02/26 23:00:00,Annual,Annual average rate of change,All-items HICP,Croatia,2024,4.0,,
ESTAT:PRC_HICP_AIND(1.0),06/02/26 23:00:00,Annual,Annual average rate of change,All-items HICP,Croatia,2025,4.4,,
ESTAT:PRC_HICP_AIND(1.0),06/02/26 23:00:00,Annual,Annual average rate of change,All-items HICP,Hungary,2016,0.4,,
ESTAT:PRC_HICP_AIND(1.0),06/02/26 23:00:00,Annual,Annual average rate of change,All-items HICP,Hungary,2017,2.4,,
ESTAT:PRC_HICP_AIND(1.0),06/02/26 23:00:00,Annual,Annual average rate of change,All-items HICP,Hungary,2018,2.9,,
ESTAT:PRC_HICP_AIND(1.0),06/02/26 23:00:00,Annual,Annual average rate of change,All-items HICP,Hungary,2019,3.4,,
ESTAT:PRC_HICP_AIND(1.0),06/02/26 23:00:00,Annual,Annual average rate of change,All-items HICP,Hungary,2020,3.4,,
ESTAT:PRC_HICP_AIND(1.0),06/02/26 23:00:00,Annual,Annual average rate of change,All-items HICP,Hungary,2021,5.2,,
ESTAT:PRC_HICP_AIND(1.0),06/02/26 23:00:00,Annual,Annual average rate of change,All-items HICP,Hungary,2022,15.3,,
ESTAT:PRC_HICP_AIND(1.0),06/02/26 23:00:00,Annual,Annual average rate of change,All-items HICP,Hungary,2023,17.0,,
ESTAT:PRC_HICP_AIND(1.0),06/02/26 23:00:00,Annual,Annual average rate of change,All-items HICP,Hungary,2024,3.7,,
ESTAT:PRC_HICP_AIND(1.0),06/02/26 23:00:00,Annual,Annual average rate of change,All-items HICP,Hungary,2025,4.4,,
ESTAT:PRC_HICP_AIND(1.0),06/02/26 23:00:00,Annual,Annual average rate of change,All-items HICP,Ireland,2016,-0.2,,
ESTAT:PRC_HICP_AIND(1.0),06/02/26 23:00:00,Annual,Annual average rate of change,All-items HICP,Ireland,2017,0.3,,
ESTAT:PRC_HICP_AIND(1.0),06/02/26 23:00:00,Annual,Annual average rate of change,All-items HICP,Ireland,2018,0.7,,
ESTAT:PRC_HICP_AIND(1.0),06/02/26 23:00:00,Annual,Annual average rate of change,All-items HICP,Ireland,2019,0.9,,
ESTAT:PRC_HICP_AIND(1.0),06/02/26 23:00:00,Annual,Annual average rate of change,All-items HICP,Ireland,2020,-0.5,,
ESTAT:PRC_HICP_AIND(1.0),06/02/26 23:00:00,Annual,Annual average rate of change,All-items HICP,Ireland,2021,2.4,,
ESTAT:PRC_HICP_AIND(1.0),06/02/26 23:00:00,Annual,Annual average rate of change,All-items HICP,Ireland,2022,8.1,,
ESTAT:PRC_HICP_AIND(1.0),06/02/26 23:00:00,Annual,Annual average rate of change,All-items HICP,Ireland,2023,5.2,,
ESTAT:PRC_HICP_AIND(1.0),06/02/26 23:00:00,Annual,Annual average rate of change,All-items HICP,Ireland,2024,1.3,,
ESTAT:PRC_HICP_AIND(1.0),06/02/26 23:00:00,Annual,Annual average rate of change,All-items HICP,Ireland,2025,2.1,,
ESTAT:PRC_HICP_AIND(1.0),06/02/26 23:00:00,Annual,Annual average rate of change,All-items HICP,Italy,2016,-0.1,,
ESTAT:PRC_HICP_AIND(1.0),06/02/26 23:00:00,Annual,Annual average rate of change,All-items HICP,Italy,2017,1.3,,
ESTAT:PRC_HICP_AIND(1.0),06/02/26 23:00:00,Annual,Annual average rate of change,All-items HICP,Italy,2018,1.2,,
ESTAT:PRC_HICP_AIND(1.0),06/02/26 23:00:00,Annual,Annual average rate of change,All-items HICP,Italy,2019,0.6,,
ESTAT:PRC_HICP_AIND(1.0),06/02/26 23:00:00,Annual,Annual average rate of change,All-items HICP,Italy,2020,-0.1,,
ESTAT:PRC_HICP_AIND(1.0),06/02/26 23:00:00,Annual,Annual average rate of change,All-items HICP,Italy,2021,1.9,,
ESTAT:PRC_HICP_AIND(1.0),06/02/26 23:00:00,Annual,Annual average rate of change,All-items HICP,Italy,2022,8.7,,
ESTAT:PRC_HICP_AIND(1.0),06/02/26 23:00:00,Annual,Annual average rate of change,All-items HICP,Italy,2023,5.9,,
ESTAT:PRC_HICP_AIND(1.0),06/02/26 23:00:00,Annual,Annual average rate of change,All-items HICP,Italy,2024,1.1,,
ESTAT:PRC_HICP_AIND(1.0),06/02/26 23:00:00,Annual,Annual average rate of change,All-items HICP,Italy,2025,1.7,,
ESTAT:PRC_HICP_AIND(1.0),06/02/26 23:00:00,Annual,Annual average rate of change,All-items HICP,Lithuania,2016,0.7,,
ESTAT:PRC_HICP_AIND(1.0),06/02/26 23:00:00,Annual,Annual average rate of change,All-items HICP,Lithuania,2017,3.7,,
ESTAT:PRC_HICP_AIND(1.0),06/02/26 23:00:00,Annual,Annual average rate of change,All-items HICP,Lithuania,2018,2.5,,
ESTAT:PRC_HICP_AIND(1.0),06/02/26 23:00:00,Annual,Annual average rate of change,All-items HICP,Lithuania,2019,2.2,,
ESTAT:PRC_HICP_AIND(1.0),06/02/26 23:00:00,Annual,Annual average rate of change,All-items HICP,Lithuania,2020,1.1,,
ESTAT:PRC_HICP_AIND(1.0),06/02/26 23:00:00,Annual,Annual average rate of change,All-items HICP,Lithuania,2021,4.6,,
ESTAT:PRC_HICP_AIND(1.0),06/02/26 23:00:00,Annual,Annual average rate of change,All-items HICP,Lithuania,2022,18.9,,
ESTAT:PRC_HICP_AIND(1.0),06/02/26 23:00:00,Annual,Annual average rate of change,All-items HICP,Lithuania,2023,8.7,,
ESTAT:PRC_HICP_AIND(1.0),06/02/26 23:00:00,Annual,Annual average rate of change,All-items HICP,Lithuania,2024,0.9,,
ESTAT:PRC_HICP_AIND(1.0),06/02/26 23:00:00,Annual,Annual average rate of change,All-items HICP,Lithuania,2025,3.4,,
ESTAT:PRC_HICP_AIND(1.0),06/02/26 23:00:00,Annual,Annual average rate of change,All-items HICP,Luxembourg,2016,0.0,,
ESTAT:PRC_HICP_AIND(1.0),06/02/26 23:00:00,Annual,Annual average rate of change,All-items HICP,Luxembourg,2017,2.1,,
ESTAT:PRC_HICP_AIND(1.0),06/02/26 23:00:00,Annual,Annual average rate of change,All-items HICP,Luxembourg,2018,2.0,,
ESTAT:PRC_HICP_AIND(1.0),06/02/26 23:00:00,Annual,Annual average rate of change,All-items HICP,Luxembourg,2019,1.6,,
ESTAT:PRC_HICP_AIND(1.0),06/02/26 23:00:00,Annual,Annual average rate of change,All-items HICP,Luxembourg,2020,0.0,,
ESTAT:PRC_HICP_AIND(1.0),06/02/26 23:00:00,Annual,Annual average rate of change,All-items HICP,Luxembourg,2021,3.5,,
ESTAT:PRC_HICP_AIND(1.0),06/02/26 23:00:00,Annual,Annual average rate of change,All-items HICP,Luxembourg,2022,8.2,,
ESTAT:PRC_HICP_AIND(1.0),06/02/26 23:00:00,Annual,Annual average rate of change,All-items HICP,Luxembourg,2023,2.9,,
ESTAT:PRC_HICP_AIND(1.0),06/02/26 23:00:00,Annual,Annual average rate of change,All-items HICP,Luxembourg,2024,2.3,,
ESTAT:PRC_HICP_AIND(1.0),06/02/26 23:00:00,Annual,Annual average rate of change,All-items HICP,Luxembourg,2025,2.5,,
ESTAT:PRC_HICP_AIND(1.0),06/02/26 23:00:00,Annual,Annual average rate of change,All-items HICP,Latvia,2016,0.1,,
ESTAT:PRC_HICP_AIND(1.0),06/02/26 23:00:00,Annual,Annual average rate of change,All-items HICP,Latvia,2017,2.9,,
ESTAT:PRC_HICP_AIND(1.0),06/02/26 23:00:00,Annual,Annual average rate of change,All-items HICP,Latvia,2018,2.6,,
ESTAT:PRC_HICP_AIND(1.0),06/02/26 23:00:00,Annual,Annual average rate of change,All-items HICP,Latvia,2019,2.7,,
ESTAT:PRC_HICP_AIND(1.0),06/02/26 23:00:00,Annual,Annual average rate of change,All-items HICP,Latvia,2020,0.1,,
ESTAT:PRC_HICP_AIND(1.0),06/02/26 23:00:00,Annual,Annual average rate of change,All-items HICP,Latvia,2021,3.2,,
ESTAT:PRC_HICP_AIND(1.0),06/02/26 23:00:00,Annual,Annual average rate of change,All-items HICP,Latvia,2022,17.2,,
ESTAT:PRC_HICP_AIND(1.0),06/02/26 23:00:00,Annual,Annual average rate of change,All-items HICP,Latvia,2023,9.1,,
ESTAT:PRC_HICP_AIND(1.0),06/02/26 23:00:00,Annual,Annual average rate of change,All-items HICP,Latvia,2024,1.3,,
ESTAT:PRC_HICP_AIND(1.0),06/02/26 23:00:00,Annual,Annual average rate of change,All-items HICP,Latvia,2025,3.8,,
ESTAT:PRC_HICP_AIND(1.0),06/02/26 23:00:00,Annual,Annual average rate of change,All-items HICP,Malta,2016,0.9,,
ESTAT:PRC_HICP_AIND(1.0),06/02/26 23:00:00,Annual,Annual average rate of change,All-items HICP,Malta,2017,1.3,,
ESTAT:PRC_HICP_AIND(1.0),06/02/26 23:00:00,Annual,Annual average rate of change,All-items HICP,Malta,2018,1.7,,
ESTAT:PRC_HICP_AIND(1.0),06/02/26 23:00:00,Annual,Annual average rate of change,All-items HICP,Malta,2019,1.5,,
ESTAT:PRC_HICP_AIND(1.0),06/02/26 23:00:00,Annual,Annual average rate of change,All-items HICP,Malta,2020,0.8,,
ESTAT:PRC_HICP_AIND(1.0),06/02/26 23:00:00,Annual,Annual average rate of change,All-items HICP,Malta,2021,0.7,,
ESTAT:PRC_HICP_AIND(1.0),06/02/26 23:00:00,Annual,Annual average rate of change,All-items HICP,Malta,2022,6.1,,
ESTAT:PRC_HICP_AIND(1.0),06/02/26 23:00:00,Annual,Annual average rate of change,All-items HICP,Malta,2023,5.6,,
ESTAT:PRC_HICP_AIND(1.0),06/02/26 23:00:00,Annual,Annual average rate of change,All-items HICP,Malta,2024,2.4,,
ESTAT:PRC_HICP_AIND(1.0),06/02/26 23:00:00,Annual,Annual average rate of change,All-items HICP,Malta,2025,2.4,,
ESTAT:PRC_HICP_AIND(1.0),06/02/26 23:00:00,Annual,Annual average rate of change,All-items HICP,Netherlands,2016,0.1,,
ESTAT:PRC_HICP_AIND(1.0),06/02/26 23:00:00,Annual,Annual average rate of change,All-items HICP,Netherlands,2017,1.3,,
ESTAT:PRC_HICP_AIND(1.0),06/02/26 23:00:00,Annual,Annual average rate of change,All-items HICP,Netherlands,2018,1.6,,
ESTAT:PRC_HICP_AIND(1.0),06/02/26 23:00:00,Annual,Annual average rate of change,All-items HICP,Netherlands,2019,2.7,,
ESTAT:PRC_HICP_AIND(1.0),06/02/26 23:00:00,Annual,Annual average rate of change,All-items HICP,Netherlands,2020,1.1,,
ESTAT:PRC_HICP_AIND(1.0),06/02/26 23:00:00,Annual,Annual average rate of change,All-items HICP,Netherlands,2021,2.8,,
ESTAT:PRC_HICP_AIND(1.0),06/02/26 23:00:00,Annual,Annual average rate of change,All-items HICP,Netherlands,2022,11.6,,
ESTAT:PRC_HICP_AIND(1.0),06/02/26 23:00:00,Annual,Annual average rate of change,All-items HICP,Netherlands,2023,4.1,,
ESTAT:PRC_HICP_AIND(1.0),06/02/26 23:00:00,Annual,Annual average rate of change,All-items HICP,Netherlands,2024,3.2,,
ESTAT:PRC_HICP_AIND(1.0),06/02/26 23:00:00,Annual,Annual average rate of change,All-items HICP,Netherlands,2025,3.0,,
ESTAT:PRC_HICP_AIND(1.0),06/02/26 23:00:00,Annual,Annual average rate of change,All-items HICP,Poland,2016,-0.2,,
ESTAT:PRC_HICP_AIND(1.0),06/02/26 23:00:00,Annual,Annual average rate of change,All-items HICP,Poland,2017,1.6,,
ESTAT:PRC_HICP_AIND(1.0),06/02/26 23:00:00,Annual,Annual average rate of change,All-items HICP,Poland,2018,1.2,,
ESTAT:PRC_HICP_AIND(1.0),06/02/26 23:00:00,Annual,Annual average rate of change,All-items HICP,Poland,2019,2.1,,
ESTAT:PRC_HICP_AIND(1.0),06/02/26 23:00:00,Annual,Annual average rate of change,All-items HICP,Poland,2020,3.7,,
ESTAT:PRC_HICP_AIND(1.0),06/02/26 23:00:00,Annual,Annual average rate of change,All-items HICP,Poland,2021,5.2,,
ESTAT:PRC_HICP_AIND(1.0),06/02/26 23:00:00,Annual,Annual average rate of change,All-items HICP,Poland,2022,13.2,,
ESTAT:PRC_HICP_AIND(1.0),06/02/26 23:00:00,Annual,Annual average rate of change,All-items HICP,Poland,2023,10.9,,
ESTAT:PRC_HICP_AIND(1.0),06/02/26 23:00:00,Annual,Annual average rate of change,All-items HICP,Poland,2024,3.7,,
ESTAT:PRC_HICP_AIND(1.0),06/02/26 23:00:00,Annual,Annual average rate of change,All-items HICP,Poland,2025,3.3,,
ESTAT:PRC_HICP_AIND(1.0),06/02/26 23:00:00,Annual,Annual average rate of change,All-items HICP,Portugal,2016,0.6,,
ESTAT:PRC_HICP_AIND(1.0),06/02/26 23:00:00,Annual,Annual average rate of change,All-items HICP,Portugal,2017,1.6,,
ESTAT:PRC_HICP_AIND(1.0),06/02/26 23:00:00,Annual,Annual average rate of change,All-items HICP,Portugal,2018,1.2,,
ESTAT:PRC_HICP_AIND(1.0),06/02/26 23:00:00,Annual,Annual average rate of change,All-items HICP,Portugal,2019,0.3,,
ESTAT:PRC_HICP_AIND(1.0),06/02/26 23:00:00,Annual,Annual average rate of change,All-items HICP,Portugal,2020,-0.1,,
ESTAT:PRC_HICP_AIND(1.0),06/02/26 23:00:00,Annual,Annual average rate of change,All-items HICP,Portugal,2021,0.9,,
ESTAT:PRC_HICP_AIND(1.0),06/02/26 23:00:00,Annual,Annual average rate of change,All-items HICP,Portugal,2022,8.1,,
ESTAT:PRC_HICP_AIND(1.0),06/02/26 23:00:00,Annual,Annual average rate of change,All-items HICP,Portugal,2023,5.3,,
ESTAT:PRC_HICP_AIND(1.0),06/02/26 23:00:00,Annual,Annual average rate of change,All-items HICP,Portugal,2024,2.7,,
ESTAT:PRC_HICP_AIND(1.0),06/02/26 23:00:00,Annual,Annual average rate of change,All-items HICP,Portugal,2025,2.2,,
ESTAT:PRC_HICP_AIND(1.0),06/02/26 23:00:00,Annual,Annual average rate of change,All-items HICP,Romania,2016,-1.1,,
ESTAT:PRC_HICP_AIND(1.0),06/02/26 23:00:00,Annual,Annual average rate of change,All-items HICP,Romania,2017,1.1,,
ESTAT:PRC_HICP_AIND(1.0),06/02/26 23:00:00,Annual,Annual average rate of change,All-items HICP,Romania,2018,4.1,,
ESTAT:PRC_HICP_AIND(1.0),06/02/26 23:00:00,Annual,Annual average rate of change,All-items HICP,Romania,2019,3.9,,
ESTAT:PRC_HICP_AIND(1.0),06/02/26 23:00:00,Annual,Annual average rate of change,All-items HICP,Romania,2020,2.3,,
ESTAT:PRC_HICP_AIND(1.0),06/02/26 23:00:00,Annual,Annual average rate of change,All-items HICP,Romania,2021,4.1,,
ESTAT:PRC_HICP_AIND(1.0),06/02/26 23:00:00,Annual,Annual average rate of change,All-items HICP,Romania,2022,12.0,,
ESTAT:PRC_HICP_AIND(1.0),06/02/26 23:00:00,Annual,Annual average rate of change,All-items HICP,Romania,2023,9.7,,
ESTAT:PRC_HICP_AIND(1.0),06/02/26 23:00:00,Annual,Annual average rate of change,All-items HICP,Romania,2024,5.8,,
ESTAT:PRC_HICP_AIND(1.0),06/02/26 23:00:00,Annual,Annual average rate of change,All-items HICP,Romania,2025,6.8,,
ESTAT:PRC_HICP_AIND(1.0),06/02/26 23:00:00,Annual,Annual average rate of change,All-items HICP,Sweden,2016,1.1,,
ESTAT:PRC_HICP_AIND(1.0),06/02/26 23:00:00,Annual,Annual average rate of change,All-items HICP,Sweden,2017,1.9,,
ESTAT:PRC_HICP_AIND(1.0),06/02/26 23:00:00,Annual,Annual average rate of change,All-items HICP,Sweden,2018,2.0,,
ESTAT:PRC_HICP_AIND(1.0),06/02/26 23:00:00,Annual,Annual average rate of change,All-items HICP,Sweden,2019,1.7,,
ESTAT:PRC_HICP_AIND(1.0),06/02/26 23:00:00,Annual,Annual average rate of change,All-items HICP,Sweden,2020,0.7,,
ESTAT:PRC_HICP_AIND(1.0),06/02/26 23:00:00,Annual,Annual average rate of change,All-items HICP,Sweden,2021,2.7,,
ESTAT:PRC_HICP_AIND(1.0),06/02/26 23:00:00,Annual,Annual average rate of change,All-items HICP,Sweden,2022,8.1,,
ESTAT:PRC_HICP_AIND(1.0),06/02/26 23:00:00,Annual,Annual average rate of change,All-items HICP,Sweden,2023,5.9,,
ESTAT:PRC_HICP_AIND(1.0),06/02/26 23:00:00,Annual,Annual average rate of change,All-items HICP,Sweden,2024,2.0,,
ESTAT:PRC_HICP_AIND(1.0),06/02/26 23:00:00,Annual,Annual average rate of change,All-items HICP,Sweden,2025,2.6,,
ESTAT:PRC_HICP_AIND(1.0),06/02/26 23:00:00,Annual,Annual average rate of change,All-items HICP,Slovenia,2016,-0.2,,
ESTAT:PRC_HICP_AIND(1.0),06/02/26 23:00:00,Annual,Annual average rate of change,All-items HICP,Slovenia,2017,1.6,,
ESTAT:PRC_HICP_AIND(1.0),06/02/26 23:00:00,Annual,Annual average rate of change,All-items HICP,Slovenia,2018,1.9,,
ESTAT:PRC_HICP_AIND(1.0),06/02/26 23:00:00,Annual,Annual average rate of change,All-items HICP,Slovenia,2019,1.7,,
ESTAT:PRC_HICP_AIND(1.0),06/02/26 23:00:00,Annual,Annual average rate of change,All-items HICP,Slovenia,2020,-0.3,,
ESTAT:PRC_HICP_AIND(1.0),06/02/26 23:00:00,Annual,Annual average rate of change,All-items HICP,Slovenia,2021,2.0,,
ESTAT:PRC_HICP_AIND(1.0),06/02/26 23:00:00,Annual,Annual average rate of change,All-items HICP,Slovenia,2022,9.3,,
ESTAT:PRC_HICP_AIND(1.0),06/02/26 23:00:00,Annual,Annual average rate of change,All-items HICP,Slovenia,2023,7.2,,
ESTAT:PRC_HICP_AIND(1.0),06/02/26 23:00:00,Annual,Annual average rate of change,All-items HICP,Slovenia,2024,2.0,,
ESTAT:PRC_HICP_AIND(1.0),06/02/26 23:00:00,Annual,Annual average rate of change,All-items HICP,Slovenia,2025,2.5,,
ESTAT:PRC_HICP_AIND(1.0),06/02/26 23:00:00,Annual,Annual average rate of change,All-items HICP,Slovakia,2016,-0.5,,
ESTAT:PRC_HICP_AIND(1.0),06/02/26 23:00:00,Annual,Annual average rate of change,All-items HICP,Slovakia,2017,1.4,,
ESTAT:PRC_HICP_AIND(1.0),06/02/26 23:00:00,Annual,Annual average rate of change,All-items HICP,Slovakia,2018,2.5,,
ESTAT:PRC_HICP_AIND(1.0),06/02/26 23:00:00,Annual,Annual average rate of change,All-items HICP,Slovakia,2019,2.8,,
ESTAT:PRC_HICP_AIND(1.0),06/02/26 23:00:00,Annual,Annual average rate of change,All-items HICP,Slovakia,2020,2.0,,
ESTAT:PRC_HICP_AIND(1.0),06/02/26 23:00:00,Annual,Annual average rate of change,All-items HICP,Slovakia,2021,2.8,,
ESTAT:PRC_HICP_AIND(1.0),06/02/26 23:00:00,Annual,Annual average rate of change,All-items HICP,Slovakia,2022,12.1,,
ESTAT:PRC_HICP_AIND(1.0),06/02/26 23:00:00,Annual,Annual average rate of change,All-items HICP,Slovakia,2023,11.0,,
ESTAT:PRC_HICP_AIND(1.0),06/02/26 23:00:00,Annual,Annual average rate of change,All-items HICP,Slovakia,2024,3.2,,
ESTAT:PRC_HICP_AIND(1.0),06/02/26 23:00:00,Annual,Annual average rate of change,All-items HICP,Slovakia,2025,4.2,,
ESTAT:PRC_HICP_AIND(1.0),06/02/26 23:00:00,Annual,Annual average rate of change,Food,Austria,2016,0.6,,
ESTAT:PRC_HICP_AIND(1.0),06/02/26 23:00:00,Annual,Annual average rate of change,Food,Austria,2017,2.3,,
ESTAT:PRC_HICP_AIND(1.0),06/02/26 23:00:00,Annual,Annual average rate of change,Food,Austria,2018,1.5,,
ESTAT:PRC_HICP_AIND(1.0),06/02/26 23:00:00,Annual,Annual average rate of change,Food,Austria,2019,1.3,,
ESTAT:PRC_HICP_AIND(1.0),06/02/26 23:00:00,Annual,Annual average rate of change,Food,Austria,2020,2.4,,
ESTAT:PRC_HICP_AIND(1.0),06/02/26 23:00:00,Annual,Annual average rate of change,Food,Austria,2021,0.7,,
ESTAT:PRC_HICP_AIND(1.0),06/02/26 23:00:00,Annual,Annual average rate of change,Food,Austria,2022,10.7,,
ESTAT:PRC_HICP_AIND(1.0),06/02/26 23:00:00,Annual,Annual average rate of change,Food,Austria,2023,10.8,,
ESTAT:PRC_HICP_AIND(1.0),06/02/26 23:00:00,Annual,Annual average rate of change,Food,Austria,2024,2.2,,
ESTAT:PRC_HICP_AIND(1.0),06/02/26 23:00:00,Annual,Annual average rate of change,Food,Austria,2025,2.9,,
ESTAT:PRC_HICP_AIND(1.0),06/02/26 23:00:00,Annual,Annual average rate of change,Food,Belgium,2016,1.9,,
ESTAT:PRC_HICP_AIND(1.0),06/02/26 23:00:00,Annual,Annual average rate of change,Food,Belgium,2017,0.7,,
ESTAT:PRC_HICP_AIND(1.0),06/02/26 23:00:00,Annual,Annual average rate of change,Food,Belgium,2018,2.0,,
ESTAT:PRC_HICP_AIND(1.0),06/02/26 23:00:00,Annual,Annual average rate of change,Food,Belgium,2019,0.7,,
ESTAT:PRC_HICP_AIND(1.0),06/02/26 23:00:00,Annual,Annual average rate of change,Food,Belgium,2020,2.8,,
ESTAT:PRC_HICP_AIND(1.0),06/02/26 23:00:00,Annual,Annual average rate of change,Food,Belgium,2021,-0.4,,
ESTAT:PRC_HICP_AIND(1.0),06/02/26 23:00:00,Annual,Annual average rate of change,Food,Belgium,2022,9.1,,
ESTAT:PRC_HICP_AIND(1.0),06/02/26 23:00:00,Annual,Annual average rate of change,Food,Belgium,2023,14.1,,
ESTAT:PRC_HICP_AIND(1.0),06/02/26 23:00:00,Annual,Annual average rate of change,Food,Belgium,2024,2.1,,
ESTAT:PRC_HICP_AIND(1.0),06/02/26 23:00:00,Annual,Annual average rate of change,Food,Belgium,2025,2.6,,
ESTAT:PRC_HICP_AIND(1.0),06/02/26 23:00:00,Annual,Annual average rate of change,Food,Bulgaria,2016,-0.2,,
ESTAT:PRC_HICP_AIND(1.0),06/02/26 23:00:00,Annual,Annual average rate of change,Food,Bulgaria,2017,3.7,,
ESTAT:PRC_HICP_AIND(1.0),06/02/26 23:00:00,Annual,Annual average rate of change,Food,Bulgaria,2018,1.9,,
ESTAT:PRC_HICP_AIND(1.0),06/02/26 23:00:00,Annual,Annual average rate of change,Food,Bulgaria,2019,5.3,,
ESTAT:PRC_HICP_AIND(1.0),06/02/26 23:00:00,Annual,Annual average rate of change,Food,Bulgaria,2020,5.4,,
ESTAT:PRC_HICP_AIND(1.0),06/02/26 23:00:00,Annual,Annual average rate of change,Food,Bulgaria,2021,2.9,,
ESTAT:PRC_HICP_AIND(1.0),06/02/26 23:00:00,Annual,Annual average rate of change,Food,Bulgaria,2022,22.4,,
ESTAT:PRC_HICP_AIND(1.0),06/02/26 23:00:00,Annual,Annual average rate of change,Food,Bulgaria,2023,14.2,,
ESTAT:PRC_HICP_AIND(1.0),06/02/26 23:00:00,Annual,Annual average rate of change,Food,Bulgaria,2024,2.5,,
ESTAT:PRC_HICP_AIND(1.0),06/02/26 23:00:00,Annual,Annual average rate of change,Food,Bulgaria,2025,5.7,,
ESTAT:PRC_HICP_AIND(1.0),06/02/26 23:00:00,Annual,Annual average rate of change,Food,Cyprus,2016,0.1,,
ESTAT:PRC_HICP_AIND(1.0),06/02/26 23:00:00,Annual,Annual average rate of change,Food,Cyprus,2017,-0.1,,
ESTAT:PRC_HICP_AIND(1.0),06/02/26 23:00:00,Annual,Annual average rate of change,Food,Cyprus,2018,1.2,,
ESTAT:PRC_HICP_AIND(1.0),06/02/26 23:00:00,Annual,Annual average rate of change,Food,Cyprus,2019,1.0,,
ESTAT:PRC_HICP_AIND(1.0),06/02/26 23:00:00,Annual,Annual average rate of change,Food,Cyprus,2020,1.4,,
ESTAT:PRC_HICP_AIND(1.0),06/02/26 23:00:00,Annual,Annual average rate of change,Food,Cyprus,2021,0.0,,
ESTAT:PRC_HICP_AIND(1.0),06/02/26 23:00:00,Annual,Annual average rate of change,Food,Cyprus,2022,9.8,,
ESTAT:PRC_HICP_AIND(1.0),06/02/26 23:00:00,Annual,Annual average rate of change,Food,Cyprus,2023,7.6,,
ESTAT:PRC_HICP_AIND(1.0),06/02/26 23:00:00,Annual,Annual average rate of change,Food,Cyprus,2024,3.2,,
ESTAT:PRC_HICP_AIND(1.0),06/02/26 23:00:00,Annual,Annual average rate of change,Food,Cyprus,2025,0.0,,
ESTAT:PRC_HICP_AIND(1.0),06/02/26 23:00:00,Annual,Annual average rate of change,Food,Czechia,2016,-1.0,,
ESTAT:PRC_HICP_AIND(1.0),06/02/26 23:00:00,Annual,Annual average rate of change,Food,Czechia,2017,5.6,,
ESTAT:PRC_HICP_AIND(1.0),06/02/26 23:00:00,Annual,Annual average rate of change,Food,Czechia,2018,1.3,,
ESTAT:PRC_HICP_AIND(1.0),06/02/26 23:00:00,Annual,Annual average rate of change,Food,Czechia,2019,3.0,,
ESTAT:PRC_HICP_AIND(1.0),06/02/26 23:00:00,Annual,Annual average rate of change,Food,Czechia,2020,5.0,,
ESTAT:PRC_HICP_AIND(1.0),06/02/26 23:00:00,Annual,Annual average rate of change,Food,Czechia,2021,0.8,,
ESTAT:PRC_HICP_AIND(1.0),06/02/26 23:00:00,Annual,Annual average rate of change,Food,Czechia,2022,17.6,,
ESTAT:PRC_HICP_AIND(1.0),06/02/26 23:00:00,Annual,Annual average rate of change,Food,Czechia,2023,11.7,,
ESTAT:PRC_HICP_AIND(1.0),06/02/26 23:00:00,Annual,Annual average rate of change,Food,Czechia,2024,-2.9,,
ESTAT:PRC_HICP_AIND(1.0),06/02/26 23:00:00,Annual,Annual average rate of change,Food,Czechia,2025,4.0,,
ESTAT:PRC_HICP_AIND(1.0),06/02/26 23:00:00,Annual,Annual average rate of change,Food,Germany,2016,1.0,,
ESTAT:PRC_HICP_AIND(1.0),06/02/26 23:00:00,Annual,Annual average rate of change,Food,Germany,2017,3.0,,
ESTAT:PRC_HICP_AIND(1.0),06/02/26 23:00:00,Annual,Annual average rate of change,Food,Germany,2018,2.4,,
ESTAT:PRC_HICP_AIND(1.0),06/02/26 23:00:00,Annual,Annual average rate of change,Food,Germany,2019,1.4,,
ESTAT:PRC_HICP_AIND(1.0),06/02/26 23:00:00,Annual,Annual average rate of change,Food,Germany,2020,2.4,,
ESTAT:PRC_HICP_AIND(1.0),06/02/26 23:00:00,Annual,Annual average rate of change,Food,Germany,2021,3.1,,
ESTAT:PRC_HICP_AIND(1.0),06/02/26 23:00:00,Annual,Annual average rate of change,Food,Germany,2022,13.3,,
ESTAT:PRC_HICP_AIND(1.0),06/02/26 23:00:00,Annual,Annual average rate of change,Food,Germany,2023,12.9,,
ESTAT:PRC_HICP_AIND(1.0),06/02/26 23:00:00,Annual,Annual average rate of change,Food,Germany,2024,1.8,,
ESTAT:PRC_HICP_AIND(1.0),06/02/26 23:00:00,Annual,Annual average rate of change,Food,Germany,2025,2.1,,
ESTAT:PRC_HICP_AIND(1.0),06/02/26 23:00:00,Annual,Annual average rate of change,Food,Denmark,2016,0.6,,
ESTAT:PRC_HICP_AIND(1.0),06/02/26 23:00:00,Annual,Annual average rate of change,Food,Denmark,2017,2.8,,
ESTAT:PRC_HICP_AIND(1.0),06/02/26 23:00:00,Annual,Annual average rate of change,Food,Denmark,2018,0.0,,
ESTAT:PRC_HICP_AIND(1.0),06/02/26 23:00:00,Annual,Annual average rate of change,Food,Denmark,2019,1.7,,
ESTAT:PRC_HICP_AIND(1.0),06/02/26 23:00:00,Annual,Annual average rate of change,Food,Denmark,2020,1.1,,
ESTAT:PRC_HICP_AIND(1.0),06/02/26 23:00:00,Annual,Annual average rate of change,Food,Denmark,2021,0.6,,
ESTAT:PRC_HICP_AIND(1.0),06/02/26 23:00:00,Annual,Annual average rate of change,Food,Denmark,2022,12.1,,
ESTAT:PRC_HICP_AIND(1.0),06/02/26 23:00:00,Annual,Annual average rate of change,Food,Denmark,2023,8.3,,
ESTAT:PRC_HICP_AIND(1.0),06/02/26 23:00:00,Annual,Annual average rate of change,Food,Denmark,2024,1.5,,
ESTAT:PRC_HICP_AIND(1.0),06/02/26 23:00:00,Annual,Annual average rate of change,Food,Denmark,2025,4.4,,
ESTAT:PRC_HICP_AIND(1.0),06/02/26 23:00:00,Annual,Annual average rate of change,Food,Estonia,2016,0.0,,
ESTAT:PRC_HICP_AIND(1.0),06/02/26 23:00:00,Annual,Annual average rate of change,Food,Estonia,2017,5.9,,
ESTAT:PRC_HICP_AIND(1.0),06/02/26 23:00:00,Annual,Annual average rate of change,Food,Estonia,2018,3.3,,
ESTAT:PRC_HICP_AIND(1.0),06/02/26 23:00:00,Annual,Annual average rate of change,Food,Estonia,2019,3.2,,
ESTAT:PRC_HICP_AIND(1.0),06/02/26 23:00:00,Annual,Annual average rate of change,Food,Estonia,2020,2.1,,
ESTAT:PRC_HICP_AIND(1.0),06/02/26 23:00:00,Annual,Annual average rate of change,Food,Estonia,2021,1.7,,
ESTAT:PRC_HICP_AIND(1.0),06/02/26 23:00:00,Annual,Annual average rate of change,Food,Estonia,2022,20.5,,
ESTAT:PRC_HICP_AIND(1.0),06/02/26 23:00:00,Annual,Annual average rate of change,Food,Estonia,2023,16.1,,
ESTAT:PRC_HICP_AIND(1.0),06/02/26 23:00:00,Annual,Annual average rate of change,Food,Estonia,2024,2.4,,
ESTAT:PRC_HICP_AIND(1.0),06/02/26 23:00:00,Annual,Annual average rate of change,Food,Estonia,2025,6.2,,
ESTAT:PRC_HICP_AIND(1.0),06/02/26 23:00:00,Annual,Annual average rate of change,Food,Greece,2016,-0.2,,
ESTAT:PRC_HICP_AIND(1.0),06/02/26 23:00:00,Annual,Annual average rate of change,Food,Greece,2017,0.1,,
ESTAT:PRC_HICP_AIND(1.0),06/02/26 23:00:00,Annual,Annual average rate of change,Food,Greece,2018,0.3,,
ESTAT:PRC_HICP_AIND(1.0),06/02/26 23:00:00,Annual,Annual average rate of change,Food,Greece,2019,-0.1,,
ESTAT:PRC_HICP_AIND(1.0),06/02/26 23:00:00,Annual,Annual average rate of change,Food,Greece,2020,1.8,,
ESTAT:PRC_HICP_AIND(1.0),06/02/26 23:00:00,Annual,Annual average rate of change,Food,Greece,2021,1.6,,
ESTAT:PRC_HICP_AIND(1.0),06/02/26 23:00:00,Annual,Annual average rate of change,Food,Greece,2022,12.0,,
ESTAT:PRC_HICP_AIND(1.0),06/02/26 23:00:00,Annual,Annual average rate of change,Food,Greece,2023,11.7,,
ESTAT:PRC_HICP_AIND(1.0),06/02/26 23:00:00,Annual,Annual average rate of change,Food,Greece,2024,2.9,,
ESTAT:PRC_HICP_AIND(1.0),06/02/26 23:00:00,Annual,Annual average rate of change,Food,Greece,2025,2.0,,
ESTAT:PRC_HICP_AIND(1.0),06/02/26 23:00:00,Annual,Annual average rate of change,Food,Spain,2016,1.4,,
ESTAT:PRC_HICP_AIND(1.0),06/02/26 23:00:00,Annual,Annual average rate of change,Food,Spain,2017,1.3,,
ESTAT:PRC_HICP_AIND(1.0),06/02/26 23:00:00,Annual,Annual average rate of change,Food,Spain,2018,1.6,,
ESTAT:PRC_HICP_AIND(1.0),06/02/26 23:00:00,Annual,Annual average rate of change,Food,Spain,2019,1.0,,
ESTAT:PRC_HICP_AIND(1.0),06/02/26 23:00:00,Annual,Annual average rate of change,Food,Spain,2020,2.4,,
ESTAT:PRC_HICP_AIND(1.0),06/02/26 23:00:00,Annual,Annual average rate of change,Food,Spain,2021,1.6,,
ESTAT:PRC_HICP_AIND(1.0),06/02/26 23:00:00,Annual,Annual average rate of change,Food,Spain,2022,11.9,,
ESTAT:PRC_HICP_AIND(1.0),06/02/26 23:00:00,Annual,Annual average rate of change,Food,Spain,2023,11.6,,
ESTAT:PRC_HICP_AIND(1.0),06/02/26 23:00:00,Annual,Annual average rate of change,Food,Spain,2024,3.5,,
ESTAT:PRC_HICP_AIND(1.0),06/02/26 23:00:00,Annual,Annual average rate of change,Food,Spain,2025,2.1,,
ESTAT:PRC_HICP_AIND(1.0),06/02/26 23:00:00,Annual,Annual average rate of change,Food,Finland,2016,-1.0,,
ESTAT:PRC_HICP_AIND(1.0),06/02/26 23:00:00,Annual,Annual average rate of change,Food,Finland,2017,-1.3,,
ESTAT:PRC_HICP_AIND(1.0),06/02/26 23:00:00,Annual,Annual average rate of change,Food,Finland,2018,2.2,,
ESTAT:PRC_HICP_AIND(1.0),06/02/26 23:00:00,Annual,Annual average rate of change,Food,Finland,2019,1.2,,
ESTAT:PRC_HICP_AIND(1.0),06/02/26 23:00:00,Annual,Annual average rate of change,Food,Finland,2020,1.3,,
ESTAT:PRC_HICP_AIND(1.0),06/02/26 23:00:00,Annual,Annual average rate of change,Food,Finland,2021,0.3,,
ESTAT:PRC_HICP_AIND(1.0),06/02/26 23:00:00,Annual,Annual average rate of change,Food,Finland,2022,10.2,,
ESTAT:PRC_HICP_AIND(1.0),06/02/26 23:00:00,Annual,Annual average rate of change,Food,Finland,2023,9.6,,
ESTAT:PRC_HICP_AIND(1.0),06/02/26 23:00:00,Annual,Annual average rate of change,Food,Finland,2024,-0.5,,
ESTAT:PRC_HICP_AIND(1.0),06/02/26 23:00:00,Annual,Annual average rate of change,Food,Finland,2025,1.4,,
ESTAT:PRC_HICP_AIND(1.0),06/02/26 23:00:00,Annual,Annual average rate of change,Food,France,2016,0.7,,
ESTAT:PRC_HICP_AIND(1.0),06/02/26 23:00:00,Annual,Annual average rate of change,Food,France,2017,1.1,,
ESTAT:PRC_HICP_AIND(1.0),06/02/26 23:00:00,Annual,Annual average rate of change,Food,France,2018,2.1,,
ESTAT:PRC_HICP_AIND(1.0),06/02/26 23:00:00,Annual,Annual average rate of change,Food,France,2019,2.5,,
ESTAT:PRC_HICP_AIND(1.0),06/02/26 23:00:00,Annual,Annual average rate of change,Food,France,2020,2.2,,
ESTAT:PRC_HICP_AIND(1.0),06/02/26 23:00:00,Annual,Annual average rate of change,Food,France,2021,0.7,,
ESTAT:PRC_HICP_AIND(1.0),06/02/26 23:00:00,Annual,Annual average rate of change,Food,France,2022,7.4,,
ESTAT:PRC_HICP_AIND(1.0),06/02/26 23:00:00,Annual,Annual average rate of change,Food,France,2023,12.4,,
ESTAT:PRC_HICP_AIND(1.0),06/02/26 23:00:00,Annual,Annual average rate of change,Food,France,2024,1.3,,
ESTAT:PRC_HICP_AIND(1.0),06/02/26 23:00:00,Annual,Annual average rate of change,Food,France,2025,0.7,,
ESTAT:PRC_HICP_AIND(1.0),06/02/26 23:00:00,Annual,Annual average rate of change,Food,Croatia,2016,-0.6,,
ESTAT:PRC_HICP_AIND(1.0),06/02/26 23:00:00,Annual,Annual average rate of change,Food,Croatia,2017,3.0,,
ESTAT:PRC_HICP_AIND(1.0),06/02/26 23:00:00,Annual,Annual average rate of change,Food,Croatia,2018,0.8,,
ESTAT:PRC_HICP_AIND(1.0),06/02/26 23:00:00,Annual,Annual average rate of change,Food,Croatia,2019,-0.1,,
ESTAT:PRC_HICP_AIND(1.0),06/02/26 23:00:00,Annual,Annual average rate of change,Food,Croatia,2020,1.7,,
ESTAT:PRC_HICP_AIND(1.0),06/02/26 23:00:00,Annual,Annual average rate of change,Food,Croatia,2021,1.8,,
ESTAT:PRC_HICP_AIND(1.0),06/02/26 23:00:00,Annual,Annual average rate of change,Food,Croatia,2022,16.5,,
ESTAT:PRC_HICP_AIND(1.0),06/02/26 23:00:00,Annual,Annual average rate of change,Food,Croatia,2023,13.0,,
ESTAT:PRC_HICP_AIND(1.0),06/02/26 23:00:00,Annual,Annual average rate of change,Food,Croatia,2024,3.6,,
ESTAT:PRC_HICP_AIND(1.0),06/02/26 23:00:00,Annual,Annual average rate of change,Food,Croatia,2025,4.5,,
ESTAT:PRC_HICP_AIND(1.0),06/02/26 23:00:00,Annual,Annual average rate of change,Food,Hungary,2016,0.1,,
ESTAT:PRC_HICP_AIND(1.0),06/02/26 23:00:00,Annual,Annual average rate of change,Food,Hungary,2017,2.7,,
ESTAT:PRC_HICP_AIND(1.0),06/02/26 23:00:00,Annual,Annual average rate of change,Food,Hungary,2018,4.3,,
ESTAT:PRC_HICP_AIND(1.0),06/02/26 23:00:00,Annual,Annual average rate of change,Food,Hungary,2019,5.5,,
ESTAT:PRC_HICP_AIND(1.0),06/02/26 23:00:00,Annual,Annual average rate of change,Food,Hungary,2020,8.2,,
ESTAT:PRC_HICP_AIND(1.0),06/02/26 23:00:00,Annual,Annual average rate of change,Food,Hungary,2021,3.5,,
ESTAT:PRC_HICP_AIND(1.0),06/02/26 23:00:00,Annual,Annual average rate of change,Food,Hungary,2022,29.1,,
ESTAT:PRC_HICP_AIND(1.0),06/02/26 23:00:00,Annual,Annual average rate of change,Food,Hungary,2023,22.9,,
ESTAT:PRC_HICP_AIND(1.0),06/02/26 23:00:00,Annual,Annual average rate of change,Food,Hungary,2024,0.0,,
ESTAT:PRC_HICP_AIND(1.0),06/02/26 23:00:00,Annual,Annual average rate of change,Food,Hungary,2025,2.9,,
ESTAT:PRC_HICP_AIND(1.0),06/02/26 23:00:00,Annual,Annual average rate of change,Food,Ireland,2016,-1.4,,
ESTAT:PRC_HICP_AIND(1.0),06/02/26 23:00:00,Annual,Annual average rate of change,Food,Ireland,2017,-2.0,,
ESTAT:PRC_HICP_AIND(1.0),06/02/26 23:00:00,Annual,Annual average rate of change,Food,Ireland,2018,-2.2,,
ESTAT:PRC_HICP_AIND(1.0),06/02/26 23:00:00,Annual,Annual average rate of change,Food,Ireland,2019,-0.7,,
ESTAT:PRC_HICP_AIND(1.0),06/02/26 23:00:00,Annual,Annual average rate of change,Food,Ireland,2020,-1.2,,
ESTAT:PRC_HICP_AIND(1.0),06/02/26 23:00:00,Annual,Annual average rate of change,Food,Ireland,2021,-0.4,,
ESTAT:PRC_HICP_AIND(1.0),06/02/26 23:00:00,Annual,Annual average rate of change,Food,Ireland,2022,7.1,,
ESTAT:PRC_HICP_AIND(1.0),06/02/26 23:00:00,Annual,Annual average rate of change,Food,Ireland,2023,9.6,,
ESTAT:PRC_HICP_AIND(1.0),06/02/26 23:00:00,Annual,Annual average rate of change,Food,Ireland,2024,2.4,,
ESTAT:PRC_HICP_AIND(1.0),06/02/26 23:00:00,Annual,Annual average rate of change,Food,Ireland,2025,3.9,,
ESTAT:PRC_HICP_AIND(1.0),06/02/26 23:00:00,Annual,Annual average rate of change,Food,Italy,2016,0.2,,
ESTAT:PRC_HICP_AIND(1.0),06/02/26 23:00:00,Annual,Annual average rate of change,Food,Italy,2017,2.1,,
ESTAT:PRC_HICP_AIND(1.0),06/02/26 23:00:00,Annual,Annual average rate of change,Food,Italy,2018,1.2,,
ESTAT:PRC_HICP_AIND(1.0),06/02/26 23:00:00,Annual,Annual average rate of change,Food,Italy,2019,0.8,,
ESTAT:PRC_HICP_AIND(1.0),06/02/26 23:00:00,Annual,Annual average rate of change,Food,Italy,2020,1.7,,
ESTAT:PRC_HICP_AIND(1.0),06/02/26 23:00:00,Annual,Annual average rate of change,Food,Italy,2021,0.5,,
ESTAT:PRC_HICP_AIND(1.0),06/02/26 23:00:00,Annual,Annual average rate of change,Food,Italy,2022,9.4,,
ESTAT:PRC_HICP_AIND(1.0),06/02/26 23:00:00,Annual,Annual average rate of change,Food,Italy,2023,10.2,,
ESTAT:PRC_HICP_AIND(1.0),06/02/26 23:00:00,Annual,Annual average rate of change,Food,Italy,2024,2.4,,
ESTAT:PRC_HICP_AIND(1.0),06/02/26 23:00:00,Annual,Annual average rate of change,Food,Italy,2025,2.5,,
ESTAT:PRC_HICP_AIND(1.0),06/02/26 23:00:00,Annual,Annual average rate of change,Food,Lithuania,2016,1.3,,
ESTAT:PRC_HICP_AIND(1.0),06/02/26 23:00:00,Annual,Annual average rate of change,Food,Lithuania,2017,3.5,,
ESTAT:PRC_HICP_AIND(1.0),06/02/26 23:00:00,Annual,Annual average rate of change,Food,Lithuania,2018,1.8,,
ESTAT:PRC_HICP_AIND(1.0),06/02/26 23:00:00,Annual,Annual average rate of change,Food,Lithuania,2019,3.7,,
ESTAT:PRC_HICP_AIND(1.0),06/02/26 23:00:00,Annual,Annual average rate of change,Food,Lithuania,2020,2.6,,
ESTAT:PRC_HICP_AIND(1.0),06/02/26 23:00:00,Annual,Annual average rate of change,Food,Lithuania,2021,3.2,,
ESTAT:PRC_HICP_AIND(1.0),06/02/26 23:00:00,Annual,Annual average rate of change,Food,Lithuania,2022,26.2,,
ESTAT:PRC_HICP_AIND(1.0),06/02/26 23:00:00,Annual,Annual average rate of change,Food,Lithuania,2023,14.8,,
ESTAT:PRC_HICP_AIND(1.0),06/02/26 23:00:00,Annual,Annual average rate of change,Food,Lithuania,2024,-0.2,,
ESTAT:PRC_HICP_AIND(1.0),06/02/26 23:00:00,Annual,Annual average rate of change,Food,Lithuania,2025,4.1,,
ESTAT:PRC_HICP_AIND(1.0),06/02/26 23:00:00,Annual,Annual average rate of change,Food,Luxembourg,2016,1.5,,
ESTAT:PRC_HICP_AIND(1.0),06/02/26 23:00:00,Annual,Annual average rate of change,Food,Luxembourg,2017,2.8,,
ESTAT:PRC_HICP_AIND(1.0),06/02/26 23:00:00,Annual,Annual average rate of change,Food,Luxembourg,2018,2.2,,
ESTAT:PRC_HICP_AIND(1.0),06/02/26 23:00:00,Annual,Annual average rate of change,Food,Luxembourg,2019,1.4,,
ESTAT:PRC_HICP_AIND(1.0),06/02/26 23:00:00,Annual,Annual average rate of change,Food,Luxembourg,2020,2.7,,
ESTAT:PRC_HICP_AIND(1.0),06/02/26 23:00:00,Annual,Annual average rate of change,Food,Luxembourg,2021,1.1,,
ESTAT:PRC_HICP_AIND(1.0),06/02/26 23:00:00,Annual,Annual average rate of change,Food,Luxembourg,2022,7.3,,
ESTAT:PRC_HICP_AIND(1.0),06/02/26 23:00:00,Annual,Annual average rate of change,Food,Luxembourg,2023,10.6,,
ESTAT:PRC_HICP_AIND(1.0),06/02/26 23:00:00,Annual,Annual average rate of change,Food,Luxembourg,2024,2.2,,
ESTAT:PRC_HICP_AIND(1.0),06/02/26 23:00:00,Annual,Annual average rate of change,Food,Luxembourg,2025,2.0,,
ESTAT:PRC_HICP_AIND(1.0),06/02/26 23:00:00,Annual,Annual average rate of change,Food,Latvia,2016,1.2,,
ESTAT:PRC_HICP_AIND(1.0),06/02/26 23:00:00,Annual,Annual average rate of change,Food,Latvia,2017,6.0,,
ESTAT:PRC_HICP_AIND(1.0),06/02/26 23:00:00,Annual,Annual average rate of change,Food,Latvia,2018,0.8,,
ESTAT:PRC_HICP_AIND(1.0),06/02/26 23:00:00,Annual,Annual average rate of change,Food,Latvia,2019,3.2,,
ESTAT:PRC_HICP_AIND(1.0),06/02/26 23:00:00,Annual,Annual average rate of change,Food,Latvia,2020,2.6,,
ESTAT:PRC_HICP_AIND(1.0),06/02/26 23:00:00,Annual,Annual average rate of change,Food,Latvia,2021,2.6,,
ESTAT:PRC_HICP_AIND(1.0),06/02/26 23:00:00,Annual,Annual average rate of change,Food,Latvia,2022,22.1,,
ESTAT:PRC_HICP_AIND(1.0),06/02/26 23:00:00,Annual,Annual average rate of change,Food,Latvia,2023,12.8,,
ESTAT:PRC_HICP_AIND(1.0),06/02/26 23:00:00,Annual,Annual average rate of change,Food,Latvia,2024,2.5,,
ESTAT:PRC_HICP_AIND(1.0),06/02/26 23:00:00,Annual,Annual average rate of change,Food,Latvia,2025,5.0,,
ESTAT:PRC_HICP_AIND(1.0),06/02/26 23:00:00,Annual,Annual average rate of change,Food,Malta,2016,1.8,,
ESTAT:PRC_HICP_AIND(1.0),06/02/26 23:00:00,Annual,Annual average rate of change,Food,Malta,2017,2.5,,
ESTAT:PRC_HICP_AIND(1.0),06/02/26 23:00:00,Annual,Annual average rate of change,Food,Malta,2018,2.3,,
ESTAT:PRC_HICP_AIND(1.0),06/02/26 23:00:00,Annual,Annual average rate of change,Food,Malta,2019,3.2,,
ESTAT:PRC_HICP_AIND(1.0),06/02/26 23:00:00,Annual,Annual average rate of change,Food,Malta,2020,2.4,,
ESTAT:PRC_HICP_AIND(1.0),06/02/26 23:00:00,Annual,Annual average rate of change,Food,Malta,2021,2.6,,
ESTAT:PRC_HICP_AIND(1.0),06/02/26 23:00:00,Annual,Annual average rate of change,Food,Malta,2022,11.6,,
ESTAT:PRC_HICP_AIND(1.0),06/02/26 23:00:00,Annual,Annual average rate of change,Food,Malta,2023,11.0,,
ESTAT:PRC_HICP_AIND(1.0),06/02/26 23:00:00,Annual,Annual average rate of change,Food,Malta,2024,5.1,,
ESTAT:PRC_HICP_AIND(1.0),06/02/26 23:00:00,Annual,Annual average rate of change,Food,Malta,2025,3.1,,
ESTAT:PRC_HICP_AIND(1.0),06/02/26 23:00:00,Annual,Annual average rate of change,Food,Netherlands,2016,0.8,,
ESTAT:PRC_HICP_AIND(1.0),06/02/26 23:00:00,Annual,Annual average rate of change,Food,Netherlands,2017,2.7,,
ESTAT:PRC_HICP_AIND(1.0),06/02/26 23:00:00,Annual,Annual average rate of change,Food,Netherlands,2018,0.9,,
ESTAT:PRC_HICP_AIND(1.0),06/02/26 23:00:00,Annual,Annual average rate of change,Food,Netherlands,2019,4.2,,
ESTAT:PRC_HICP_AIND(1.0),06/02/26 23:00:00,Annual,Annual average rate of change,Food,Netherlands,2020,2.0,,
ESTAT:PRC_HICP_AIND(1.0),06/02/26 23:00:00,Annual,Annual average rate of change,Food,Netherlands,2021,-0.2,,
ESTAT:PRC_HICP_AIND(1.0),06/02/26 23:00:00,Annual,Annual average rate of change,Food,Netherlands,2022,10.8,,
ESTAT:PRC_HICP_AIND(1.0),06/02/26 23:00:00,Annual,Annual average rate of change,Food,Netherlands,2023,12.1,,
ESTAT:PRC_HICP_AIND(1.0),06/02/26 23:00:00,Annual,Annual average rate of change,Food,Netherlands,2024,1.1,,
ESTAT:PRC_HICP_AIND(1.0),06/02/26 23:00:00,Annual,Annual average rate of change,Food,Netherlands,2025,3.5,,
ESTAT:PRC_HICP_AIND(1.0),06/02/26 23:00:00,Annual,Annual average rate of change,Food,Poland,2016,1.1,,
ESTAT:PRC_HICP_AIND(1.0),06/02/26 23:00:00,Annual,Annual average rate of change,Food,Poland,2017,4.1,,
ESTAT:PRC_HICP_AIND(1.0),06/02/26 23:00:00,Annual,Annual average rate of change,Food,Poland,2018,2.3,,
ESTAT:PRC_HICP_AIND(1.0),06/02/26 23:00:00,Annual,Annual average rate of change,Food,Poland,2019,5.3,,
ESTAT:PRC_HICP_AIND(1.0),06/02/26 23:00:00,Annual,Annual average rate of change,Food,Poland,2020,4.7,,
ESTAT:PRC_HICP_AIND(1.0),06/02/26 23:00:00,Annual,Annual average rate of change,Food,Poland,2021,2.5,,
ESTAT:PRC_HICP_AIND(1.0),06/02/26 23:00:00,Annual,Annual average rate of change,Food,Poland,2022,15.1,,
ESTAT:PRC_HICP_AIND(1.0),06/02/26 23:00:00,Annual,Annual average rate of change,Food,Poland,2023,15.9,,
ESTAT:PRC_HICP_AIND(1.0),06/02/26 23:00:00,Annual,Annual average rate of change,Food,Poland,2024,3.2,,
ESTAT:PRC_HICP_AIND(1.0),06/02/26 23:00:00,Annual,Annual average rate of change,Food,Poland,2025,4.3,,
ESTAT:PRC_HICP_AIND(1.0),06/02/26 23:00:00,Annual,Annual average rate of change,Food,Portugal,2016,0.5,,
ESTAT:PRC_HICP_AIND(1.0),06/02/26 23:00:00,Annual,Annual average rate of change,Food,Portugal,2017,1.2,,
ESTAT:PRC_HICP_AIND(1.0),06/02/26 23:00:00,Annual,Annual average rate of change,Food,Portugal,2018,0.8,,
ESTAT:PRC_HICP_AIND(1.0),06/02/26 23:00:00,Annual,Annual average rate of change,Food,Portugal,2019,0.3,,
ESTAT:PRC_HICP_AIND(1.0),06/02/26 23:00:00,Annual,Annual average rate of change,Food,Portugal,2020,2.2,,
ESTAT:PRC_HICP_AIND(1.0),06/02/26 23:00:00,Annual,Annual average rate of change,Food,Portugal,2021,0.8,,
ESTAT:PRC_HICP_AIND(1.0),06/02/26 23:00:00,Annual,Annual average rate of change,Food,Portugal,2022,13.4,,
ESTAT:PRC_HICP_AIND(1.0),06/02/26 23:00:00,Annual,Annual average rate of change,Food,Portugal,2023,10.0,,
ESTAT:PRC_HICP_AIND(1.0),06/02/26 23:00:00,Annual,Annual average rate of change,Food,Portugal,2024,2.4,,
ESTAT:PRC_HICP_AIND(1.0),06/02/26 23:00:00,Annual,Annual average rate of change,Food,Portugal,2025,2.8,,
ESTAT:PRC_HICP_AIND(1.0),06/02/26 23:00:00,Annual,Annual average rate of change,Food,Romania,2016,-2.4,,
ESTAT:PRC_HICP_AIND(1.0),06/02/26 23:00:00,Annual,Annual average rate of change,Food,Romania,2017,2.6,,
ESTAT:PRC_HICP_AIND(1.0),06/02/26 23:00:00,Annual,Annual average rate of change,Food,Romania,2018,4.1,,
ESTAT:PRC_HICP_AIND(1.0),06/02/26 23:00:00,Annual,Annual average rate of change,Food,Romania,2019,5.8,,
ESTAT:PRC_HICP_AIND(1.0),06/02/26 23:00:00,Annual,Annual average rate of change,Food,Romania,2020,4.8,,
ESTAT:PRC_HICP_AIND(1.0),06/02/26 23:00:00,Annual,Annual average rate of change,Food,Romania,2021,2.8,,
ESTAT:PRC_HICP_AIND(1.0),06/02/26 23:00:00,Annual,Annual average rate of change,Food,Romania,2022,16.6,,
ESTAT:PRC_HICP_AIND(1.0),06/02/26 23:00:00,Annual,Annual average rate of change,Food,Romania,2023,14.6,,
ESTAT:PRC_HICP_AIND(1.0),06/02/26 23:00:00,Annual,Annual average rate of change,Food,Romania,2024,2.7,,
ESTAT:PRC_HICP_AIND(1.0),06/02/26 23:00:00,Annual,Annual average rate of change,Food,Romania,2025,6.7,,
ESTAT:PRC_HICP_AIND(1.0),06/02/26 23:00:00,Annual,Annual average rate of change,Food,Sweden,2016,1.4,,
ESTAT:PRC_HICP_AIND(1.0),06/02/26 23:00:00,Annual,Annual average rate of change,Food,Sweden,2017,2.0,,
ESTAT:PRC_HICP_AIND(1.0),06/02/26 23:00:00,Annual,Annual average rate of change,Food,Sweden,2018,2.7,,
ESTAT:PRC_HICP_AIND(1.0),06/02/26 23:00:00,Annual,Annual average rate of change,Food,Sweden,2019,3.0,,
ESTAT:PRC_HICP_AIND(1.0),06/02/26 23:00:00,Annual,Annual average rate of change,Food,Sweden,2020,2.0,,
ESTAT:PRC_HICP_AIND(1.0),06/02/26 23:00:00,Annual,Annual average rate of change,Food,Sweden,2021,0.3,,
ESTAT:PRC_HICP_AIND(1.0),06/02/26 23:00:00,Annual,Annual average rate of change,Food,Sweden,2022,11.7,,
ESTAT:PRC_HICP_AIND(1.0),06/02/26 23:00:00,Annual,Annual average rate of change,Food,Sweden,2023,13.1,,
ESTAT:PRC_HICP_AIND(1.0),06/02/26 23:00:00,Annual,Annual average rate of change,Food,Sweden,2024,1.1,,
ESTAT:PRC_HICP_AIND(1.0),06/02/26 23:00:00,Annual,Annual average rate of change,Food,Sweden,2025,3.3,,
ESTAT:PRC_HICP_AIND(1.0),06/02/26 23:00:00,Annual,Annual average rate of change,Food,Slovenia,2016,0.6,,
ESTAT:PRC_HICP_AIND(1.0),06/02/26 23:00:00,Annual,Annual average rate of change,Food,Slovenia,2017,2.3,,
ESTAT:PRC_HICP_AIND(1.0),06/02/26 23:00:00,Annual,Annual average rate of change,Food,Slovenia,2018,2.8,,
ESTAT:PRC_HICP_AIND(1.0),06/02/26 23:00:00,Annual,Annual average rate of change,Food,Slovenia,2019,1.8,,
ESTAT:PRC_HICP_AIND(1.0),06/02/26 23:00:00,Annual,Annual average rate of change,Food,Slovenia,2020,3.3,,
ESTAT:PRC_HICP_AIND(1.0),06/02/26 23:00:00,Annual,Annual average rate of change,Food,Slovenia,2021,-0.2,,
ESTAT:PRC_HICP_AIND(1.0),06/02/26 23:00:00,Annual,Annual average rate of change,Food,Slovenia,2022,12.6,,
ESTAT:PRC_HICP_AIND(1.0),06/02/26 23:00:00,Annual,Annual average rate of change,Food,Slovenia,2023,12.2,,
ESTAT:PRC_HICP_AIND(1.0),06/02/26 23:00:00,Annual,Annual average rate of change,Food,Slovenia,2024,0.8,,
ESTAT:PRC_HICP_AIND(1.0),06/02/26 23:00:00,Annual,Annual average rate of change,Food,Slovenia,2025,4.7,,
ESTAT:PRC_HICP_AIND(1.0),06/02/26 23:00:00,Annual,Annual average rate of change,Food,Slovakia,2016,-2.9,,
ESTAT:PRC_HICP_AIND(1.0),06/02/26 23:00:00,Annual,Annual average rate of change,Food,Slovakia,2017,4.2,,
ESTAT:PRC_HICP_AIND(1.0),06/02/26 23:00:00,Annual,Annual average rate of change,Food,Slovakia,2018,4.2,,
ESTAT:PRC_HICP_AIND(1.0),06/02/26 23:00:00,Annual,Annual average rate of change,Food,Slovakia,2019,4.4,,
ESTAT:PRC_HICP_AIND(1.0),06/02/26 23:00:00,Annual,Annual average rate of change,Food,Slovakia,2020,2.8,,
ESTAT:PRC_HICP_AIND(1.0),06/02/26 23:00:00,Annual,Annual average rate of change,Food,Slovakia,2021,1.9,,
ESTAT:PRC_HICP_AIND(1.0),06/02/26 23:00:00,Annual,Annual average rate of change,Food,Slovakia,2022,19.3,,
ESTAT:PRC_HICP_AIND(1.0),06/02/26 23:00:00,Annual,Annual average rate of change,Food,Slovakia,2023,17.5,,
ESTAT:PRC_HICP_AIND(1.0),06/02/26 23:00:00,Annual,Annual average rate of change,Food,Slovakia,2024,2.5,,
ESTAT:PRC_HICP_AIND(1.0),06/02/26 23:00:00,Annual,Annual average rate of change,Food,Slovakia,2025,1.8,,
